{"count":2650.0,"mean":37.9483018868,"std":30.4288457486,"min":1.0,"25%":20.0,"50%":32.0,"75%":45.0,"max":335.0}